{
  "0": {
    "precision": 0.8873239436619719,
    "recall": 0.7682926829268293,
    "f1-score": 0.8235294117647058,
    "support": 82.0
  },
  "1": {
    "precision": 0.831858407079646,
    "recall": 0.9215686274509803,
    "f1-score": 0.8744186046511628,
    "support": 102.0
  },
  "accuracy": 0.8532608695652174,
  "macro avg": {
    "precision": 0.859591175370809,
    "recall": 0.8449306551889049,
    "f1-score": 0.8489740082079343,
    "support": 184.0
  },
  "weighted avg": {
    "precision": 0.856576744034813,
    "recall": 0.8532608695652174,
    "f1-score": 0.8517397252126331,
    "support": 184.0
  }
}