{
  "0": {
    "precision": 0.8666666666666667,
    "recall": 0.7926829268292683,
    "f1-score": 0.8280254777070064,
    "support": 82.0
  },
  "1": {
    "precision": 0.8440366972477065,
    "recall": 0.9019607843137255,
    "f1-score": 0.8720379146919431,
    "support": 102.0
  },
  "accuracy": 0.8532608695652174,
  "macro avg": {
    "precision": 0.8553516819571866,
    "recall": 0.847321855571497,
    "f1-score": 0.8500316961994747,
    "support": 184.0
  },
  "weighted avg": {
    "precision": 0.8541217923148517,
    "recall": 0.8532608695652174,
    "f1-score": 0.8524236764703952,
    "support": 184.0
  }
}