{
  "0": {
    "precision": 0.8904109589041096,
    "recall": 0.7926829268292683,
    "f1-score": 0.8387096774193549,
    "support": 82.0
  },
  "1": {
    "precision": 0.8468468468468469,
    "recall": 0.9215686274509803,
    "f1-score": 0.8826291079812206,
    "support": 102.0
  },
  "accuracy": 0.8641304347826086,
  "macro avg": {
    "precision": 0.8686289028754782,
    "recall": 0.8571257771401244,
    "f1-score": 0.8606693927002877,
    "support": 184.0
  },
  "weighted avg": {
    "precision": 0.8662612880897574,
    "recall": 0.8641304347826086,
    "f1-score": 0.8630563182743023,
    "support": 184.0
  }
}