{
  "0": {
    "precision": 0.8918918918918919,
    "recall": 0.8048780487804879,
    "f1-score": 0.8461538461538461,
    "support": 82.0
  },
  "1": {
    "precision": 0.8545454545454545,
    "recall": 0.9215686274509803,
    "f1-score": 0.8867924528301887,
    "support": 102.0
  },
  "accuracy": 0.8695652173913043,
  "macro avg": {
    "precision": 0.8732186732186732,
    "recall": 0.8632233381157342,
    "f1-score": 0.8664731494920175,
    "support": 184.0
  },
  "weighted avg": {
    "precision": 0.8711889755368015,
    "recall": 0.8695652173913043,
    "f1-score": 0.8686817694200796,
    "support": 184.0
  }
}